cdavid cournape
pv pv
stefan stefanv
oliphant teoliphant
charris charris
albertstrasheim alberts
rgommers rgommers
pierregm pierregm
faltet FrancescAlted
pearu pearu
rkern rkern
cookedm dmcooke
sienkiew stsci-sienkiew
nils nilswagner01
chanley chanley
mwiebe mwiebe
dhuard huard
jarrod.millman jarrodmillman
bsouthey bsouthey
robitaille astrofrog
mdroe mdboom
chanley@stsci.edu chanley
fullung@gmail.com alberts
AndrewStraw astraw
AndreasKloeckner inducer
cgohlke cgohlke
stefan@sun.ac.za stefan
sebhaase sebhaase
gerrit gerritholl
timl timleslie
matthew.brett matthew-brett
haase@msg.ucsf.edu sebhaase
baxissimo baxissimo
DarrenDale ddale
yarikoptic yarikoptic
tovrstra tovrstra
jseabold jseabold
josefpktd josef-pkt
david.warde-farley dwf
wesm wesm
socha davidsocha
sandro.tosi sandrotosi
rmay dopplershift
rainwoodman fengy-research
edschofield edschofield
benjamin.thyreau bthyreau
NeilMuller drnlm
m-paradox mwiebe
jpaalasm jpaalasm
inform@tiker.net inducer
cgohlke@uci.edu cgohlke
weathergod WeatherGod
warren.weckesser WarrenWeckesser
vnoel vnoel
rc rc
pbrod pbrod
mforbes mforbes
lebigot lebigot
efiring efiring
derek dhomeier
david cournapeau cournapeau
alan.mcintyre alanmcintyre
LevGivon lebedov
pav@iki.fi pv
njs njsmith
kwgoodman kwgoodman
fonnesbeck_chris fonnesbeck
dalloliogm dalloliogm
NeilenMarais brickZA
GaelVaroquaux GaelVaroquaux
zachrahan zachrahan
timmie timmie
thouis thouis
stephan stephan-tolksdorf
samtygier samtygier
pgmdevlist@gmail.com pierregm
nics nstange
nbecker nbecker
mdehoon mdehoon
johannct johannct
fperez fperez
vincentdavis vincentdavis
tsyu tonysyu
thomas.robitaille@gmail.com astrofrog
robince robince
plaes plaes
nwagner@iam.uni-stuttgart.de nilswagner01
mwwiebe@gmail.com mwiebe
eric.lebigot@normalesup.org lebigot
bpederse@gmail.com brentp
alex_gaynor alex
ScottSinclair scottza
sebastian.walter@gmail.com b45ch1
seb.haase@gmail.com sebhaase
rowen r-owen
r0bertz r0bertz
morph@debian.org sandrotosi
mbeachy mbeachy
lev@columbia.edu lebedov
irving girving
endolith@gmail.com endolith
endolith endolith
cournape@gmail.com cournape
cjordansquire chrisjordansquire
charris208 charris
Toon.Verstraelen@UGent.be tovrstra
Jon Olav Vik jonovik
